Workbook

Sheet Executive Summary
A1: Inventory Optimization & ABC Analysis Dashboard
A2: Executive Summary & Key Performance Indicators (KPIs)
A4: ABC Class Summary
A5: ABC Class | B5: SKU Count | C5: % of SKUs | D5: Total Inventory Value (€) | E5: % of Total Value | F5: Buffer Days
A6: A | B6: =COUNTIF('Inventory Data & Model'!H:H, "A") | C6: =B6/50 | D6: =SUMIF('Inventory Data & Model'!H:H, "A", 'Inventory Data & Model'!F:F) | E6: =D6/D9 | F6: 5
A7: B | B7: =COUNTIF('Inventory Data & Model'!H:H, "B") | C7: =B7/50 | D7: =SUMIF('Inventory Data & Model'!H:H, "B", 'Inventory Data & Model'!F:F) | E7: =D7/D9 | F7: 3
A8: C | B8: =COUNTIF('Inventory Data & Model'!H:H, "C") | C8: =B8/50 | D8: =SUMIF('Inventory Data & Model'!H:H, "C", 'Inventory Data & Model'!F:F) | E8: =D8/D9 | F8: 2
A9: Total | B9: =SUM(B6:B8) | C9: =SUM(C6:C8) | D9: =SUM(D6:D8) | E9: =SUM(E6:E8) | F9: -
A12: Key Metrics Overview
A13: Total Portfolio SKUs | B13: =50
A14: Total Annual Inventory Value | B14: =SUM('Inventory Data & Model'!F2:F51)
A15: Total Safety Stock Units | B15: =SUM('Inventory Data & Model'!L2:L51)
A16: Average Lead Time (Days) | B16: =AVERAGE('Inventory Data & Model'!I2:I51)

Sheet Inventory Data & Model
A1: SKU | B1: Product Name | C1: Category | D1: Annual Demand | E1: Unit Cost (€) | F1: Annual Inventory Value (€) | G1: Cumulative % | H1: ABC Class | I1: Lead Time (Days) | J1: Avg Daily Demand | K1: Safety Stock (Days) | L1: Safety Stock (Units) | M1: Reorder Point (ROP)
A2: SKU-006 | B2: Laser Printer | C2: Packaging | D2: 3054 | E2: 186.98 | F2: =D2*E2 | G2: =F2/$F$51 | H2: =IF(G2<=0.80, "A", IF(G2<=0.95, "B", "C")) | I2: 7 | J2: =D2/365 | K2: =IF(H2="A", 5, IF(H2="B", 3, 2)) | L2: =ROUNDUP(J2*K2, 0) | M2: =ROUNDUP((J2*I2)+L2, 0)
A3: SKU-020 | B3: Packing Tape (6pk) | C3: Electronics | D3: 5426 | E3: 94.18 | F3: =D3*E3 | G3: =G2+(F3/$F$51) | H3: =IF(G3<=0.80, "A", IF(G3<=0.95, "B", "C")) | I3: 3 | J3: =D3/365 | K3: =IF(H3="A", 5, IF(H3="B", 3, 2)) | L3: =ROUNDUP(J3*K3, 0) | M3: =ROUNDUP((J3*I3)+L3, 0)
A4: SKU-003 | B4: LED Monitor 27" | C4: Tools | D4: 3321 | E4: 152.86 | F4: =D4*E4 | G4: =G3+(F4/$F$51) | H4: =IF(G4<=0.80, "A", IF(G4<=0.95, "B", "C")) | I4: 7 | J4: =D4/365 | K4: =IF(H4="A", 5, IF(H4="B", 3, 2)) | L4: =ROUNDUP(J4*K4, 0) | M4: =ROUNDUP((J4*I4)+L4, 0)
A5: SKU-007 | B5: Ergonomic Chair | C5: Office Supplies | D5: 2197 | E5: 187.19 | F5: =D5*E5 | G5: =G4+(F5/$F$51) | H5: =IF(G5<=0.80, "A", IF(G5<=0.95, "B", "C")) | I5: 7 | J5: =D5/365 | K5: =IF(H5="A", 5, IF(H5="B", 3, 2)) | L5: =ROUNDUP(J5*K5, 0) | M5: =ROUNDUP((J5*I5)+L5, 0)
A6: SKU-019 | B6: Bubble Wrap Roll | C6: Electronics | D6: 5009 | E6: 78.56 | F6: =D6*E6 | G6: =G5+(F6/$F$51) | H6: =IF(G6<=0.80, "A", IF(G6<=0.95, "B", "C")) | I6: 14 | J6: =D6/365 | K6: =IF(H6="A", 5, IF(H6="B", 3, 2)) | L6: =ROUNDUP(J6*K6, 0) | M6: =ROUNDUP((J6*I6)+L6, 0)
A7: SKU-008 | B7: Standing Desk | C7: Packaging | D7: 1417 | E7: 256.26 | F7: =D7*E7 | G7: =G6+(F7/$F$51) | H7: =IF(G7<=0.80, "A", IF(G7<=0.95, "B", "C")) | I7: 7 | J7: =D7/365 | K7: =IF(H7="A", 5, IF(H7="B", 3, 2)) | L7: =ROUNDUP(J7*K7, 0) | M7: =ROUNDUP((J7*I7)+L7, 0)
A8: SKU-009 | B8: Whiteboard Marker Box | C8: Tools | D8: 4040 | E8: 84.42 | F8: =D8*E8 | G8: =G7+(F8/$F$51) | H8: =IF(G8<=0.80, "A", IF(G8<=0.95, "B", "C")) | I8: 3 | J8: =D8/365 | K8: =IF(H8="A", 5, IF(H8="B", 3, 2)) | L8: =ROUNDUP(J8*K8, 0) | M8: =ROUNDUP((J8*I8)+L8, 0)
A9: SKU-010 | B9: A4 Copy Paper Ream | C9: Office Supplies | D9: 2585 | E9: 105.38 | F9: =D9*E9 | G9: =G8+(F9/$F$51) | H9: =IF(G9<=0.80, "A", IF(G9<=0.95, "B", "C")) | I9: 5 | J9: =D9/365 | K9: =IF(H9="A", 5, IF(H9="B", 3, 2)) | L9: =ROUNDUP(J9*K9, 0) | M9: =ROUNDUP((J9*I9)+L9, 0)
A10: SKU-004 | B10: USB-C Hub | C10: Tools | D10: 919 | E10: 286.06 | F10: =D10*E10 | G10: =G9+(F10/$F$51) | H10: =IF(G10<=0.80, "A", IF(G10<=0.95, "B", "C")) | I10: 5 | J10: =D10/365 | K10: =IF(H10="A", 5, IF(H10="B", 3, 2)) | L10: =ROUNDUP(J10*K10, 0) | M10: =ROUNDUP((J10*I10)+L10, 0)
A11: SKU-005 | B11: External SSD 1TB | C11: Packaging | D11: 1334 | E11: 189.98 | F11: =D11*E11 | G11: =G10+(F11/$F$51) | H11: =IF(G11<=0.80, "A", IF(G11<=0.95, "B", "C")) | I11: 14 | J11: =D11/365 | K11: =IF(H11="A", 5, IF(H11="B", 3, 2)) | L11: =ROUNDUP(J11*K11, 0) | M11: =ROUNDUP((J11*I11)+L11, 0)
A12: SKU-021 | B12: Digital Caliper | C12: Electronics | D12: 2718 | E12: 91.78 | F12: =D12*E12 | G12: =G11+(F12/$F$51) | H12: =IF(G12<=0.80, "A", IF(G12<=0.95, "B", "C")) | I12: 10 | J12: =D12/365 | K12: =IF(H12="A", 5, IF(H12="B", 3, 2)) | L12: =ROUNDUP(J12*K12, 0) | M12: =ROUNDUP((J12*I12)+L12, 0)
A13: SKU-015 | B13: Hydraulic Oil 5L | C13: Packaging | D13: 1650 | E13: 107.57 | F13: =D13*E13 | G13: =G12+(F13/$F$51) | H13: =IF(G13<=0.80, "A", IF(G13<=0.95, "B", "C")) | I13: 5 | J13: =D13/365 | K13: =IF(H13="A", 5, IF(H13="B", 3, 2)) | L13: =ROUNDUP(J13*K13, 0) | M13: =ROUNDUP((J13*I13)+L13, 0)
A14: SKU-001 | B14: Wireless Mouse | C14: Packaging | D14: 1010 | E14: 162.19 | F14: =D14*E14 | G14: =G13+(F14/$F$51) | H14: =IF(G14<=0.80, "A", IF(G14<=0.95, "B", "C")) | I14: 14 | J14: =D14/365 | K14: =IF(H14="A", 5, IF(H14="B", 3, 2)) | L14: =ROUNDUP(J14*K14, 0) | M14: =ROUNDUP((J14*I14)+L14, 0)
... A51: SKU-039 | B51: Zip Ties (500pk) | C51: Tools | D51: 1432 | E51: 2.16 | F51: =D51*E51 | G51: =G50+(F51/$F$51) | H51: =IF(G51<=0.80, "A", IF(G51<=0.95, "B", "C")) | I51: 7 | J51: =D51/365 | K51: =IF(H51="A", 5, IF(H51="B", 3, 2)) | L51: =ROUNDUP(J51*K51, 0) | M51: =ROUNDUP((J51*I51)+L51, 0)
A52: Total / Average | D52: =SUM(D2:D51) | F52: =SUM(F2:F51)
